 ,stack,counts,err
1,1,2534879.000,1592.130
2,2,606366.000,778.695
3,3,414140.000,643.537
4,4,288094.000,536.744
5,5,237405.000,487.242
6,6,197871.000,444.827
7,7,177827.000,421.695
8,8,160504.000,400.630
9,9,150526.000,387.977
10,10,143289.000,378.535
11,11,139098.000,372.958
12,12,134825.000,367.185
13,13,128986.000,359.146
14,14,126394.000,355.519
15,15,123702.000,351.713
16,16,122185.000,349.550
17,17,121058.000,347.934
18,18,118526.000,344.276
19,19,116802.000,341.763
20,20,116329.000,341.070
21,21,115032.000,339.164
22,22,113513.000,336.917
23,23,112437.000,335.316
24,24,111989.000,334.648
25,25,111320.000,333.647
26,26,110474.000,332.376
27,27,110451.000,332.342
28,28,108726.000,329.736
29,29,107439.000,327.779
30,30,108605.000,329.553
31,31,108596.000,329.539
32,32,107496.000,327.866
33,33,108131.000,328.833
34,34,106240.000,325.945
35,35,106901.000,326.957
36,36,106662.000,326.591
37,37,106643.000,326.562
38,38,105926.000,325.463
39,39,104768.000,323.679
40,40,105551.000,324.886
41,41,103985.000,322.467
42,42,103515.000,321.737
43,43,105036.000,324.093
44,44,104011.000,322.507
45,45,104279.000,322.923
46,46,104375.000,323.071
47,47,103556.000,321.801
48,48,102890.000,320.765
49,49,104670.000,323.527
50,50,102864.000,320.724
51,51,102467.000,320.105
52,52,102882.000,320.752
53,53,102492.000,320.144
54,54,102316.000,319.869
55,55,101912.000,319.237
56,56,101375.000,318.394
57,57,102378.000,319.966
58,58,102227.000,319.730
59,59,102473.000,320.114
60,60,101199.000,318.118
61,61,102044.000,319.443
62,62,101797.000,319.056
63,63,100955.000,317.734
64,64,101793.000,319.050
65,65,101700.000,318.904
66,66,101291.000,318.262
67,67,101758.000,318.995
68,68,101966.000,319.321
69,69,101626.000,318.788
70,70,101107.000,317.973
71,71,102475.000,320.117
72,72,101344.000,318.346
73,73,101968.000,319.324
74,74,101078.000,317.928
75,75,101250.000,318.198
76,76,100669.000,317.284
77,77,101214.000,318.141
78,78,101208.000,318.132
79,79,100417.000,316.886
80,80,100907.000,317.659
81,81,100592.000,317.162
82,82,99978.000,316.193
83,83,100289.000,316.684
84,84,100569.000,317.126
85,85,100231.000,316.593
86,86,99574.000,315.553
87,87,99961.000,316.166
88,88,101232.000,318.170
89,89,101082.000,317.934
90,90,101450.000,318.512
91,91,101005.000,317.813
92,92,101488.000,318.572
93,93,101397.000,318.429
94,94,102069.000,319.482
95,95,102788.000,320.606
96,96,103157.000,321.181
97,97,102198.000,319.684
98,98,101374.000,318.393
99,99,103362.000,321.500
100,100,103385.000,321.535
101,101,103351.000,321.483
102,102,102004.000,319.381
103,103,102960.000,320.874
104,104,101798.000,319.058
105,105,101879.000,319.185
106,106,102620.000,320.344
107,107,101942.000,319.284
108,108,102150.000,319.609
109,109,101820.000,319.092
110,110,101950.000,319.296
111,111,101529.000,318.636
112,112,101967.000,319.323
113,113,99912.000,316.089
114,114,100248.000,316.620
115,115,99536.000,315.493
116,116,99864.000,316.013
117,117,100062.000,316.326
118,118,99872.000,316.025
119,119,99851.000,315.992
120,120,98725.000,314.205
121,121,99756.000,315.842
122,122,98989.000,314.625
123,123,98725.000,314.205
124,124,98508.000,313.860
125,125,99059.000,314.736
126,126,99048.000,314.719
127,127,98914.000,314.506
128,128,99719.000,315.783
129,129,99177.000,314.924
130,130,98176.000,313.330
131,131,96973.000,311.405
132,132,97803.000,312.735
133,133,98974.000,314.601
134,134,98558.000,313.939
135,135,98819.000,314.355
136,136,98638.000,314.067
137,137,99033.000,314.695
138,138,99642.000,315.661
139,139,100606.000,317.184
140,140,100051.000,316.308
141,141,100411.000,316.877
142,142,101599.000,318.746
143,143,102166.000,319.634
144,144,101783.000,319.034
145,145,102660.000,320.406
146,146,101745.000,318.975
147,147,102767.000,320.573
148,148,101765.000,319.006
149,149,103206.000,321.257
150,150,103693.000,322.014
151,151,104315.000,322.978
152,152,105852.000,325.349
153,153,106933.000,327.006
154,154,107046.000,327.179
155,155,107478.000,327.838
156,156,108302.000,329.093
157,157,109761.000,331.302
158,158,110335.000,332.167
159,159,110808.000,332.878
160,160,112319.000,335.140
161,161,113818.000,337.369
162,162,114841.000,338.882
163,163,115125.000,339.301
164,164,116495.000,341.314
165,165,116085.000,340.712
166,166,118440.000,344.151
167,167,121110.000,348.009
168,168,121013.000,347.869
169,169,121944.000,349.205
170,170,122485.000,349.979
171,171,123268.000,351.095
172,172,124628.000,353.027
173,173,124901.000,353.413
174,174,125450.000,354.189
175,175,126948.000,356.298
176,176,128191.000,358.038
177,177,128562.000,358.555
178,178,131608.000,362.778
179,179,133707.000,365.660
180,180,135419.000,367.993
181,181,137450.000,370.742
182,182,137994.000,371.475
183,183,139080.000,372.934
184,184,140685.000,375.080
185,185,143402.000,378.685
186,186,146265.000,382.446
187,187,147501.000,384.059
188,188,147953.000,384.647
189,189,150194.000,387.549
190,190,150667.000,388.158
191,191,151462.000,389.181
192,192,151965.000,389.827
193,193,154791.000,393.435
194,194,155281.000,394.057
195,195,157722.000,397.142
196,196,157256.000,396.555
197,197,158546.000,398.178
198,198,159451.000,399.313
199,199,161713.000,402.136
200,200,162786.000,403.467
201,201,162127.000,402.650
202,202,165747.000,407.120
203,203,168233.000,410.162
204,204,168011.000,409.891
205,205,168677.000,410.703
206,206,170359.000,412.746
207,207,172701.000,415.573
208,208,172948.000,415.870
209,209,172967.000,415.893
210,210,172603.000,415.455
211,211,173871.000,416.978
212,212,177769.000,421.627
213,213,181548.000,426.084
214,214,183268.000,428.098
215,215,184720.000,429.791
216,216,185032.000,430.153
217,217,186915.000,432.337
218,218,188894.000,434.619
219,219,190532.000,436.500
220,220,190331.000,436.269
221,221,191918.000,438.084
222,222,192507.000,438.756
223,223,192846.000,439.142
224,224,194463.000,440.980
225,225,196712.000,443.522
226,226,198281.000,445.288
227,227,200263.000,447.508
228,228,199800.000,446.990
229,229,200461.000,447.729
230,230,200358.000,447.614
231,231,201086.000,448.426
232,232,200991.000,448.320
233,233,200908.000,448.228
234,234,199855.000,447.051
235,235,199826.000,447.019
236,236,199669.000,446.843
237,237,199112.000,446.220
238,238,199801.000,446.991
239,239,202692.000,450.213
240,240,205991.000,453.862
241,241,205687.000,453.527
242,242,205452.000,453.268
243,243,204107.000,451.782
244,244,205784.000,453.634
245,245,203762.000,451.400
246,246,203274.000,450.859
247,247,203278.000,450.864
248,248,200829.000,448.139
249,249,199584.000,446.748
250,250,196977.000,443.821
251,251,196368.000,443.134
252,252,196945.000,443.785
253,253,194587.000,441.120
254,254,193195.000,439.540
255,255,192748.000,439.031
256,256,196909.000,443.744
257,257,201365.000,448.737
258,258,205121.000,452.903
259,259,209379.000,457.580
260,260,211159.000,459.520
261,261,210836.000,459.169
262,262,209132.000,457.310
263,263,207874.000,455.932
264,264,207543.000,455.569
265,265,204594.000,452.321
266,266,205065.000,452.841
267,267,206737.000,454.683
268,268,206835.000,454.791
269,269,205749.000,453.596
270,270,205314.000,453.116
271,271,204931.000,452.693
272,272,203094.000,450.660
273,273,201460.000,448.843
274,274,199137.000,446.248
275,275,198524.000,445.560
276,276,196105.000,442.837
277,277,193994.000,440.447
278,278,194500.000,441.022
279,279,195688.000,442.366
280,280,196017.000,442.738
281,281,196123.000,442.858
282,282,195285.000,441.911
283,283,194138.000,440.611
284,284,193611.000,440.012
285,285,191432.000,437.529
286,286,189298.000,435.084
287,287,188982.000,434.721
288,288,186121.000,431.417
289,289,185093.000,430.224
290,290,181864.000,426.455
291,291,181551.000,426.088
292,292,181510.000,426.040
293,293,183212.000,428.033
294,294,183975.000,428.923
295,295,184148.000,429.125
296,296,183168.000,427.981
297,297,181208.000,425.685
298,298,180221.000,424.524
299,299,179068.000,423.164
300,300,176977.000,420.686
301,301,175821.000,419.310
302,302,173392.000,416.404
303,303,171384.000,413.986
304,304,170450.000,412.856
305,305,166892.000,408.524
306,306,165403.000,406.698
307,307,166217.000,407.697
308,308,168415.000,410.384
309,309,172130.000,414.886
310,310,174140.000,417.301
311,311,176458.000,420.069
312,312,177497.000,421.304
313,313,175665.000,419.124
314,314,174043.000,417.185
315,315,172780.000,415.668
316,316,171393.000,413.996
317,317,169994.000,412.303
318,318,167719.000,409.535
319,319,166233.000,407.717
320,320,162558.000,403.185
321,321,162190.000,402.728
322,322,159470.000,399.337
323,323,157811.000,397.254
324,324,156068.000,395.054
325,325,152931.000,391.064
326,326,151056.000,388.659
327,327,150136.000,387.474
328,328,150460.000,387.892
329,329,148849.000,385.810
330,330,147650.000,384.253
331,331,146097.000,382.226
332,332,143113.000,378.303
333,333,142225.000,377.127
334,334,140619.000,374.992
335,335,138754.000,372.497
336,336,134964.000,367.374
337,337,133009.000,364.704
338,338,131934.000,363.227
339,339,129959.000,360.498
340,340,128478.000,358.438
341,341,127234.000,356.699
342,342,125173.000,353.798
343,343,123436.000,351.335
344,344,120686.000,347.399
345,345,119392.000,345.531
346,346,117732.000,343.121
347,347,116219.000,340.909
348,348,119081.000,345.081
349,349,124953.000,353.487
350,350,130305.000,360.978
351,351,133951.000,365.993
352,352,136066.000,368.871
353,353,138359.000,371.966
354,354,137871.000,371.310
355,355,139563.000,373.581
356,356,139145.000,373.021
357,357,136660.000,369.676
358,358,136344.000,369.248
359,359,135091.000,367.547
360,360,133441.000,365.296
361,361,131946.000,363.244
362,362,131465.000,362.581
363,363,129601.000,360.001
364,364,128352.000,358.262
365,365,126156.000,355.184
366,366,124624.000,353.021
367,367,123325.000,351.177
368,368,122626.000,350.180
369,369,119667.000,345.929
370,370,118773.000,344.635
371,371,115957.000,340.525
372,372,113603.000,337.050
373,373,112984.000,336.131
374,374,110410.000,332.280
375,375,110486.000,332.394
376,376,109568.000,331.011
377,377,111355.000,333.699
378,378,110540.000,332.476
379,379,110701.000,332.718
380,380,110816.000,332.890
381,381,110613.000,332.585
382,382,108546.000,329.463
383,383,108091.000,328.772
384,384,107492.000,327.860
385,385,106173.000,325.842
386,386,105145.000,324.261
387,387,103665.000,321.970
388,388,102009.000,319.388
389,389,100227.000,316.586
390,390,98747.000,314.240
391,391,98146.000,313.283
392,392,95142.000,308.451
393,393,94645.000,307.644
394,394,93035.000,305.016
395,395,91462.000,302.427
396,396,90109.000,300.182
397,397,89335.000,298.890
398,398,88161.000,296.919
399,399,86345.000,293.845
400,400,85395.000,292.224
401,401,84344.000,290.420
402,402,83766.000,289.424
403,403,82397.000,287.049
404,404,81025.000,284.649
405,405,79286.000,281.578
406,406,78334.000,279.882
407,407,76405.000,276.415
408,408,76418.000,276.438
409,409,75353.000,274.505
410,410,74570.000,273.075
411,411,74307.000,272.593
412,412,75958.000,275.605
413,413,79614.000,282.160
414,414,81129.000,284.832
415,415,83909.000,289.671
416,416,85404.000,292.240
417,417,85672.000,292.698
418,418,85956.000,293.183
419,419,85615.000,292.600
420,420,85666.000,292.688
421,421,84199.000,290.171
422,422,83193.000,288.432
423,423,82733.000,287.633
424,424,81905.000,286.190
425,425,81104.000,284.788
426,426,79870.000,282.613
427,427,78806.000,280.724
428,428,77557.000,278.491
429,429,77376.000,278.165
430,430,76101.000,275.864
431,431,75966.000,275.619
432,432,74103.000,272.219
433,433,73587.000,271.269
434,434,73360.000,270.851
435,435,72269.000,268.829
436,436,71368.000,267.148
437,437,69945.000,264.471
438,438,68673.000,262.055
439,439,68364.000,261.465
440,440,67433.000,259.679
441,441,66117.000,257.132
442,442,65565.000,256.057
443,443,64406.000,253.783
444,444,63890.000,252.765
445,445,62786.000,250.571
446,446,61460.000,247.911
447,447,60866.000,246.710
448,448,60032.000,245.014
449,449,59544.000,244.016
450,450,58562.000,241.996
451,451,57535.000,239.865
452,452,57608.000,240.017
453,453,56093.000,236.840
454,454,54667.000,233.810
455,455,54606.000,233.679
456,456,53010.000,230.239
457,457,52399.000,228.908
458,458,51232.000,226.345
459,459,50289.000,224.252
460,460,51220.000,226.318
461,461,52823.000,229.833
462,462,54458.000,233.362
463,463,55626.000,235.852
464,464,55204.000,234.955
465,465,56239.000,237.148
466,466,55983.000,236.607
467,467,55817.000,236.256
468,468,55292.000,235.143
469,469,53839.000,232.032
470,470,54508.000,233.469
471,471,53269.000,230.801
472,472,53404.000,231.093
473,473,51796.000,227.587
474,474,51589.000,227.132
475,475,50900.000,225.610
476,476,49875.000,223.327
477,477,49123.000,221.637
478,478,47875.000,218.804
479,479,47245.000,217.359
480,480,46556.000,215.768
481,481,46778.000,216.282
482,482,45511.000,213.333
483,483,44971.000,212.064
484,484,44396.000,210.704
485,485,42980.000,207.316
486,486,43451.000,208.449
487,487,41874.000,204.631
488,488,41749.000,204.326
489,489,41696.000,204.196
490,490,40439.000,201.095
491,491,40433.000,201.080
492,492,39319.000,198.290
493,493,38191.000,195.425
494,494,38647.000,196.588
495,495,38247.000,195.568
496,496,37409.000,193.414
497,497,36733.000,191.659
498,498,36840.000,191.937
499,499,36836.000,191.927
500,500,35687.000,188.910
501,501,35119.000,187.401
502,502,34809.000,186.572
503,503,33774.000,183.777
504,504,33615.000,183.344
505,505,33362.000,182.653
506,506,33349.000,182.617
507,507,33385.000,182.716
508,508,32755.000,180.983
509,509,32071.000,179.084
510,510,31521.000,177.542
511,511,31399.000,177.198
512,512,30771.000,175.417
513,513,30179.000,173.721
514,514,29911.000,172.948
515,515,28946.000,170.135
516,516,29231.000,170.971
517,517,28712.000,169.446
518,518,28681.000,169.355
519,519,27858.000,166.907
520,520,28106.000,167.648
521,521,27250.000,165.076
522,522,26996.000,164.305
523,523,26828.000,163.793
524,524,26217.000,161.917
525,525,26153.000,161.719
526,526,25484.000,159.637
527,527,25281.000,159.000
528,528,24740.000,157.290
529,529,24856.000,157.658
530,530,24716.000,157.213
531,531,25916.000,160.984
532,532,28286.000,168.184
533,533,31486.000,177.443
534,534,34309.000,185.227
535,535,36981.000,192.304
536,536,38348.000,195.826
537,537,38890.000,197.205
538,538,40308.000,200.769
539,539,41218.000,203.022
540,540,41006.000,202.499
541,541,40858.000,202.134
542,542,40285.000,200.711
543,543,40593.000,201.477
544,544,40789.000,201.963
545,545,39779.000,199.447
546,546,39477.000,198.688
547,547,39282.000,198.197
548,548,38697.000,196.716
549,549,38521.000,196.268
550,550,37773.000,194.353
551,551,37786.000,194.386
552,552,37722.000,194.222
553,553,36763.000,191.737
554,554,36241.000,190.371
555,555,36200.000,190.263
556,556,36193.000,190.245
557,557,36074.000,189.932
558,558,36164.000,190.168
559,559,34961.000,186.979
560,560,34984.000,187.040
561,561,34832.000,186.633
562,562,34399.000,185.470
563,563,34066.000,184.570
564,564,33815.000,183.889
565,565,33695.000,183.562
566,566,33245.000,182.332
567,567,32853.000,181.254
568,568,32808.000,181.130
569,569,32387.000,179.964
570,570,31491.000,177.457
571,571,31754.000,178.197
572,572,30665.000,175.114
573,573,30130.000,173.580
574,574,30422.000,174.419
575,575,30011.000,173.237
576,576,29869.000,172.827
577,577,29339.000,171.286
578,578,28539.000,168.935
579,579,28974.000,170.218
580,580,28785.000,169.661
581,581,28392.000,168.499
582,582,28114.000,167.672
583,583,27360.000,165.409
584,584,27391.000,165.502
585,585,27599.000,166.129
586,586,26958.000,164.189
587,587,26652.000,163.254
588,588,26421.000,162.545
589,589,26556.000,162.960
590,590,25531.000,159.784
591,591,25211.000,158.780
592,592,25201.000,158.748
593,593,24951.000,157.959
594,594,24279.000,155.817
595,595,24569.000,156.745
596,596,23728.000,154.039
597,597,23303.000,152.653
598,598,23169.000,152.214
599,599,22857.000,151.185
600,600,22448.000,149.827
601,601,22291.000,149.302
602,602,22520.000,150.067
603,603,21585.000,146.918
604,604,21553.000,146.809
605,605,21308.000,145.973
606,606,21040.000,145.052
607,607,20325.000,142.566
608,608,20178.000,142.049
609,609,19979.000,141.347
610,610,20150.000,141.951
611,611,19723.000,140.439
612,612,19585.000,139.946
613,613,19119.000,138.271
614,614,18415.000,135.702
615,615,18673.000,136.649
616,616,18551.000,136.202
617,617,18430.000,135.757
618,618,17644.000,132.831
619,619,17512.000,132.333
620,620,17438.000,132.053
621,621,17555.000,132.495
622,622,16487.000,128.402
623,623,16338.000,127.820
624,624,16486.000,128.398
625,625,16201.000,127.283
626,626,15959.000,126.329
627,627,15658.000,125.132
628,628,15997.000,126.479
629,629,15592.000,124.868
630,630,15490.000,124.459
631,631,15064.000,122.735
632,632,14851.000,121.865
633,633,15098.000,122.874
634,634,14877.000,121.971
635,635,14306.000,119.608
636,636,14502.000,120.424
637,637,14320.000,119.666
638,638,13925.000,118.004
639,639,13439.000,115.927
640,640,13557.000,116.435
641,641,13192.000,114.856
642,642,12937.000,113.741
643,643,12713.000,112.752
644,644,12614.000,112.312
645,645,12758.000,112.951
646,646,12604.000,112.268
647,647,12220.000,110.544
648,648,12251.000,110.684
649,649,11868.000,108.940
650,650,12558.000,112.062
651,651,12645.000,112.450
652,652,13410.000,115.802
653,653,14219.000,119.243
654,654,15116.000,122.947
655,655,15085.000,122.821
656,656,15239.000,123.446
657,657,15607.000,124.928
658,658,15794.000,125.674
659,659,15628.000,125.012
660,660,15668.000,125.172
661,661,15538.000,124.652
662,662,15430.000,124.218
663,663,15317.000,123.762
664,664,15273.000,123.584
665,665,14840.000,121.820
666,666,14903.000,122.078
667,667,14633.000,120.967
668,668,14350.000,119.791
669,669,14190.000,119.122
670,670,14307.000,119.612
671,671,13976.000,118.220
672,672,13702.000,117.056
673,673,13677.000,116.949
674,674,13733.000,117.188
675,675,13700.000,117.047
676,676,13525.000,116.297
677,677,13260.000,115.152
678,678,13347.000,115.529
679,679,13292.000,115.291
680,680,13182.000,114.813
681,681,13611.000,116.666
682,682,13398.000,115.750
683,683,13498.000,116.181
684,684,13582.000,116.542
685,685,13285.000,115.261
686,686,13090.000,114.412
687,687,12881.000,113.494
688,688,12788.000,113.084
689,689,12844.000,113.331
690,690,12702.000,112.703
691,691,12768.000,112.996
692,692,12557.000,112.058
693,693,12278.000,110.806
694,694,11868.000,108.940
695,695,12235.000,110.612
696,696,11750.000,108.397
697,697,11653.000,107.949
698,698,11529.000,107.373
699,699,11414.000,106.836
700,700,11454.000,107.023
701,701,11197.000,105.816
702,702,11253.000,106.080
703,703,10832.000,104.077
704,704,10943.000,104.609
705,705,10835.000,104.091
706,706,10479.000,102.367
707,707,10583.000,102.874
708,708,10218.000,101.084
709,709,10149.000,100.742
710,710,10237.000,101.178
711,711,10128.000,100.638
712,712,9799.000,98.990
713,713,9714.000,98.560
714,714,9756.000,98.772
715,715,9423.000,97.072
716,716,9652.000,98.245
717,717,9362.000,96.757
718,718,9259.000,96.224
719,719,9282.000,96.343
720,720,8860.000,94.128
721,721,9079.000,95.284
722,722,8974.000,94.731
723,723,8704.000,93.295
724,724,8638.000,92.941
725,725,8442.000,91.880
726,726,8354.000,91.400
727,727,8324.000,91.236
728,728,8404.000,91.673
729,729,8025.000,89.582
730,730,7955.000,89.191
731,731,8215.000,90.637
732,732,7573.000,87.023
733,733,7768.000,88.136
734,734,7773.000,88.165
735,735,7767.000,88.131
736,736,7322.000,85.569
737,737,7316.000,85.534
738,738,7008.000,83.714
739,739,7433.000,86.215
740,740,7268.000,85.253
741,741,7083.000,84.161
742,742,6647.000,81.529
743,743,6896.000,83.042
744,744,6664.000,81.633
745,745,6796.000,82.438
746,746,6611.000,81.308
747,747,6889.000,83.000
748,748,6582.000,81.130
749,749,6380.000,79.875
750,750,6327.000,79.542
751,751,6298.000,79.360
752,752,6354.000,79.712
753,753,6267.000,79.164
754,754,6045.000,77.750
755,755,5956.000,77.175
756,756,5989.000,77.389
757,757,5988.000,77.382
758,758,5919.000,76.935
759,759,5743.000,75.783
760,760,5788.000,76.079
761,761,5485.000,74.061
762,762,5394.000,73.444
763,763,5504.000,74.189
764,764,5450.000,73.824
765,765,5331.000,73.014
766,766,5368.000,73.267
767,767,5295.000,72.767
768,768,5355.000,73.178
769,769,5157.000,71.812
770,770,5020.000,70.852
771,771,5095.000,71.379
772,772,4998.000,70.697
773,773,5208.000,72.166
774,774,4961.000,70.434
775,775,4728.000,68.760
776,776,4705.000,68.593
777,777,4729.000,68.768
778,778,4485.000,66.970
779,779,4613.000,67.919
780,780,4653.000,68.213
781,781,4488.000,66.993
782,782,4588.000,67.735
783,783,4253.000,65.215
784,784,4415.000,66.445
785,785,4341.000,65.886
786,786,4100.000,64.031
787,787,4171.000,64.583
788,788,4141.000,64.351
789,789,4097.000,64.008
790,790,3919.000,62.602
791,791,3883.000,62.314
792,792,3844.000,62.000
793,793,4089.000,63.945
794,794,3967.000,62.984
795,795,4087.000,63.930
796,796,4174.000,64.607
797,797,4000.000,63.246
798,798,4061.000,63.726
799,799,4019.000,63.396
800,800,3945.000,62.809
801,801,4053.000,63.663
802,802,3981.000,63.095
803,803,3863.000,62.153
804,804,3775.000,61.441
805,805,3771.000,61.408
806,806,3611.000,60.092
807,807,3572.000,59.766
808,808,3723.000,61.016
809,809,3467.000,58.881
810,810,3568.000,59.733
811,811,3472.000,58.924
812,812,3564.000,59.699
813,813,3567.000,59.724
814,814,3538.000,59.481
815,815,3436.000,58.617
816,816,3417.000,58.455
817,817,3354.000,57.914
818,818,3176.000,56.356
819,819,3311.000,57.541
820,820,3471.000,58.915
821,821,3156.000,56.178
822,822,3159.000,56.205
823,823,3157.000,56.187
824,824,3285.000,57.315
825,825,3066.000,55.371
826,826,3088.000,55.570
827,827,3086.000,55.552
828,828,3103.000,55.705
829,829,3012.000,54.882
830,830,3012.000,54.882
831,831,3011.000,54.873
832,832,3134.000,55.982
833,833,3003.000,54.800
834,834,2860.000,53.479
835,835,2770.000,52.631
836,836,2767.000,52.602
837,837,2816.000,53.066
838,838,2539.000,50.388
839,839,2787.000,52.792
840,840,2631.000,51.293
841,841,2600.000,50.990
842,842,2663.000,51.604
843,843,2573.000,50.725
844,844,2535.000,50.349
845,845,2411.000,49.102
846,846,2429.000,49.285
847,847,2611.000,51.098
848,848,2685.000,51.817
849,849,2574.000,50.735
850,850,2438.000,49.376
851,851,2473.000,49.729
852,852,2336.000,48.332
853,853,2291.000,47.864
854,854,2379.000,48.775
855,855,2366.000,48.642
856,856,2326.000,48.229
857,857,2153.000,46.400
858,858,2221.000,47.127
859,859,2172.000,46.605
860,860,2179.000,46.680
861,861,2226.000,47.181
862,862,2219.000,47.106
863,863,2151.000,46.379
864,864,2206.000,46.968
865,865,2134.000,46.195
866,866,2065.000,45.442
867,867,2018.000,44.922
868,868,2091.000,45.727
869,869,1965.000,44.328
870,870,2047.000,45.244
871,871,2022.000,44.967
872,872,1938.000,44.023
873,873,2006.000,44.788
874,874,1956.000,44.227
875,875,2024.000,44.989
876,876,1925.000,43.875
877,877,1920.000,43.818
878,878,1887.000,43.440
879,879,1806.000,42.497
880,880,1841.000,42.907
881,881,1826.000,42.732
882,882,1885.000,43.417
883,883,1830.000,42.778
884,884,1806.000,42.497
885,885,1943.000,44.079
886,886,1760.000,41.952
887,887,1596.000,39.950
888,888,1772.000,42.095
889,889,1895.000,43.532
890,890,1703.000,41.267
891,891,1628.000,40.348
892,892,1620.000,40.249
893,893,1553.000,39.408
894,894,1643.000,40.534
895,895,1638.000,40.472
896,896,1731.000,41.605
897,897,1594.000,39.925
898,898,1485.000,38.536
899,899,1645.000,40.559
900,900,1532.000,39.141
901,901,1429.000,37.802
902,902,1420.000,37.683
903,903,1419.000,37.670
904,904,1438.000,37.921
905,905,1335.000,36.538
906,906,1385.000,37.216
907,907,1492.000,38.626
908,908,1400.000,37.417
909,909,1616.000,40.200
910,910,1387.000,37.242
911,911,1234.000,35.128
912,912,1333.000,36.510
913,913,1322.000,36.359
914,914,1273.000,35.679
915,915,1371.000,37.027
916,916,1381.000,37.162
917,917,1375.000,37.081
918,918,1622.000,40.274
919,919,1954.000,44.204
920,920,2703.000,51.990
921,921,3959.000,62.921
922,922,5175.000,71.937
923,923,6291.000,79.316
924,924,7059.000,84.018
925,925,7834.000,88.510
926,926,8146.000,90.255
927,927,8499.000,92.190
928,928,8925.000,94.472
929,929,8975.000,94.736
930,930,9295.000,96.411
931,931,9591.000,97.934
932,932,9743.000,98.707
933,933,9518.000,97.560
934,934,9544.000,97.693
935,935,9480.000,97.365
936,936,9511.000,97.524
937,937,9166.000,95.739
938,938,9264.000,96.250
939,939,9536.000,97.652
940,940,9488.000,97.406
941,941,9561.000,97.780
942,942,9428.000,97.098
943,943,9382.000,96.861
944,944,9452.000,97.221
945,945,9329.000,96.587
946,946,9120.000,95.499
947,947,9340.000,96.644
948,948,8847.000,94.058
949,949,9161.000,95.713
950,950,9045.000,95.105
951,951,9043.000,95.095
952,952,9090.000,95.341
953,953,8961.000,94.663
954,954,9063.000,95.200
955,955,8930.000,94.499
956,956,9121.000,95.504
957,957,8961.000,94.663
958,958,9081.000,95.294
959,959,8657.000,93.043
960,960,8788.000,93.744
961,961,8539.000,92.407
962,962,8422.000,91.771
963,963,8594.000,92.704
964,964,8458.000,91.967
965,965,8432.000,91.826
966,966,8247.000,90.813
967,967,8230.000,90.719
968,968,8450.000,91.924
969,969,8397.000,91.635
970,970,8149.000,90.272
971,971,8134.000,90.189
972,972,8095.000,89.972
973,973,8052.000,89.733
974,974,8301.000,91.110
975,975,8168.000,90.377
976,976,7964.000,89.241
977,977,7581.000,87.069
978,978,7925.000,89.022
979,979,7596.000,87.155
980,980,7875.000,88.741
981,981,7467.000,86.412
982,982,7861.000,88.662
983,983,7333.000,85.633
984,984,7754.000,88.057
985,985,7618.000,87.281
986,986,7471.000,86.435
987,987,7448.000,86.302
988,988,7285.000,85.352
989,989,7687.000,87.676
990,990,7499.000,86.597
991,991,7269.000,85.258
992,992,7358.000,85.779
993,993,7089.000,84.196
994,994,7414.000,86.105
995,995,7167.000,84.658
996,996,6959.000,83.421
997,997,7095.000,84.232
998,998,7146.000,84.534
999,999,6914.000,83.150
1000,1000,6852.000,82.777
1001,1001,6915.000,83.156
1002,1002,6846.000,82.741
1003,1003,6774.000,82.304
1004,1004,6733.000,82.055
1005,1005,6537.000,80.852
1006,1006,6544.000,80.895
1007,1007,6846.000,82.741
1008,1008,6685.000,81.762
1009,1009,6356.000,79.725
1010,1010,6489.000,80.554
1011,1011,6515.000,80.716
1012,1012,6436.000,80.225
1013,1013,6584.000,81.142
1014,1014,6245.000,79.025
1015,1015,6155.000,78.454
1016,1016,6462.000,80.387
1017,1017,6440.000,80.250
1018,1018,6410.000,80.062
1019,1019,5962.000,77.214
1020,1020,6187.000,78.657
1021,1021,6120.000,78.230
1022,1022,6038.000,77.705
1023,1023,5818.000,76.276
1024,1024,5902.000,76.824
1025,1025,5912.000,76.890
1026,1026,5968.000,77.253
1027,1027,5945.000,77.104
1028,1028,5882.000,76.694
1029,1029,5889.000,76.740
1030,1030,5865.000,76.583
1031,1031,5858.000,76.538
1032,1032,5709.000,75.558
1033,1033,5720.000,75.631
1034,1034,5793.000,76.112
1035,1035,5450.000,73.824
1036,1036,5331.000,73.014
1037,1037,5513.000,74.250
1038,1038,5371.000,73.287
1039,1039,5304.000,72.829
1040,1040,5633.000,75.053
1041,1041,5331.000,73.014
1042,1042,5267.000,72.574
1043,1043,5228.000,72.305
1044,1044,5363.000,73.233
1045,1045,5333.000,73.027
1046,1046,5019.000,70.845
1047,1047,5260.000,72.526
1048,1048,5022.000,70.866
1049,1049,5307.000,72.849
1050,1050,4936.000,70.257
1051,1051,5052.000,71.077
1052,1052,5033.000,70.944
1053,1053,4869.000,69.778
1054,1054,4769.000,69.058
1055,1055,4739.000,68.840
1056,1056,4787.000,69.188
1057,1057,4519.000,67.224
1058,1058,4370.000,66.106
1059,1059,4191.000,64.738
1060,1060,4049.000,63.632
1061,1061,3926.000,62.658
1062,1062,4054.000,63.671
1063,1063,4372.000,66.121
1064,1064,4673.000,68.359
1065,1065,4790.000,69.210
1066,1066,4707.000,68.608
1067,1067,4877.000,69.836
1068,1068,4910.000,70.071
1069,1069,4855.000,69.678
1070,1070,5117.000,71.533
1071,1071,4798.000,69.268
1072,1072,5004.000,70.739
1073,1073,4863.000,69.735
1074,1074,5179.000,71.965
1075,1075,5027.000,70.901
1076,1076,5073.000,71.225
1077,1077,4811.000,69.361
1078,1078,4914.000,70.100
1079,1079,4755.000,68.957
1080,1080,4785.000,69.174
1081,1081,4646.000,68.162
1082,1082,4662.000,68.279
1083,1083,4679.000,68.403
1084,1084,4646.000,68.162
1085,1085,4753.000,68.942
1086,1086,4610.000,67.897
1087,1087,4689.000,68.476
1088,1088,4536.000,67.350
1089,1089,4329.000,65.795
1090,1090,4559.000,67.520
1091,1091,4343.000,65.901
1092,1092,4387.000,66.234
1093,1093,4659.000,68.257
1094,1094,4514.000,67.186
1095,1095,4440.000,66.633
1096,1096,4355.000,65.992
1097,1097,4513.000,67.179
1098,1098,4450.000,66.708
1099,1099,4342.000,65.894
1100,1100,4314.000,65.681
1101,1101,4379.000,66.174
1102,1102,4219.000,64.954
1103,1103,4478.000,66.918
1104,1104,4253.000,65.215
1105,1105,4143.000,64.366
1106,1106,4164.000,64.529
1107,1107,4058.000,63.702
1108,1108,4034.000,63.514
1109,1109,4082.000,63.891
1110,1110,4112.000,64.125
1111,1111,4092.000,63.969
1112,1112,4099.000,64.023
1113,1113,4100.000,64.031
1114,1114,3940.000,62.769
1115,1115,4070.000,63.797
1116,1116,4042.000,63.577
1117,1117,3881.000,62.298
1118,1118,4017.000,63.380
1119,1119,4106.000,64.078
1120,1120,3736.000,61.123
1121,1121,3780.000,61.482
1122,1122,3897.000,62.426
1123,1123,3966.000,62.976
1124,1124,3982.000,63.103
1125,1125,4050.000,63.640
1126,1126,4030.000,63.482
1127,1127,4105.000,64.070
1128,1128,3922.000,62.626
1129,1129,4084.000,63.906
1130,1130,4239.000,65.108
1131,1131,4105.000,64.070
1132,1132,4188.000,64.715
1133,1133,4174.000,64.607
1134,1134,4040.000,63.561
1135,1135,4068.000,63.781
1136,1136,4077.000,63.851
1137,1137,3916.000,62.578
1138,1138,3900.000,62.450
1139,1139,4112.000,64.125
1140,1140,3692.000,60.762
1141,1141,3935.000,62.730
1142,1142,3955.000,62.889
1143,1143,3885.000,62.330
1144,1144,3642.000,60.349
1145,1145,3873.000,62.233
1146,1146,3690.000,60.745
1147,1147,3782.000,61.498
1148,1148,3660.000,60.498
1149,1149,3865.000,62.169
1150,1150,3535.000,59.456
1151,1151,3687.000,60.721
1152,1152,3744.000,61.188
1153,1153,3824.000,61.838
1154,1154,3768.000,61.384
1155,1155,3605.000,60.042
1156,1156,3641.000,60.341
1157,1157,3785.000,61.522
1158,1158,3609.000,60.075
1159,1159,3596.000,59.967
1160,1160,3599.000,59.992
1161,1161,3523.000,59.355
1162,1162,3507.000,59.220
1163,1163,3565.000,59.708
1164,1164,3662.000,60.514
1165,1165,3562.000,59.682
1166,1166,3376.000,58.103
1167,1167,3413.000,58.421
1168,1168,3535.000,59.456
1169,1169,3411.000,58.404
1170,1170,3558.000,59.649
1171,1171,3332.000,57.723
1172,1172,3543.000,59.523
1173,1173,3460.000,58.822
1174,1174,3164.000,56.249
1175,1175,3261.000,57.105
1176,1176,3416.000,58.447
1177,1177,3433.000,58.592
1178,1178,3320.000,57.619
1179,1179,3293.000,57.385
1180,1180,3281.000,57.280
1181,1181,3160.000,56.214
1182,1182,3144.000,56.071
1183,1183,3145.000,56.080
1184,1184,3097.000,55.651
1185,1185,3310.000,57.533
1186,1186,3277.000,57.245
1187,1187,3103.000,55.705
1188,1188,3134.000,55.982
1189,1189,3131.000,55.955
1190,1190,3108.000,55.749
1191,1191,3153.000,56.152
1192,1192,3216.000,56.710
1193,1193,2957.000,54.378
1194,1194,3031.000,55.055
1195,1195,3187.000,56.454
1196,1196,2939.000,54.213
1197,1197,2819.000,53.094
1198,1198,3071.000,55.417
1199,1199,2973.000,54.525
1200,1200,3084.000,55.534
1201,1201,3106.000,55.731
1202,1202,2792.000,52.839
1203,1203,2949.000,54.305
1204,1204,2952.000,54.332
1205,1205,2785.000,52.773
1206,1206,2816.000,53.066
1207,1207,2982.000,54.608
1208,1208,2800.000,52.915
1209,1209,2792.000,52.839
1210,1210,2818.000,53.085
1211,1211,2747.000,52.412
1212,1212,2843.000,53.320
1213,1213,2879.000,53.656
1214,1214,2967.000,54.470
1215,1215,2853.000,53.413
1216,1216,2634.000,51.323
1217,1217,2666.000,51.633
1218,1218,2719.000,52.144
1219,1219,2675.000,51.720
1220,1220,2783.000,52.754
1221,1221,2679.000,51.759
1222,1222,2651.000,51.488
1223,1223,2744.000,52.383
1224,1224,2604.000,51.029
1225,1225,2518.000,50.180
1226,1226,2615.000,51.137
1227,1227,2562.000,50.616
1228,1228,2517.000,50.170
1229,1229,2533.000,50.329
1230,1230,2596.000,50.951
1231,1231,2469.000,49.689
1232,1232,2610.000,51.088
1233,1233,2580.000,50.794
1234,1234,2573.000,50.725
1235,1235,2524.000,50.239
1236,1236,2470.000,49.699
1237,1237,2626.000,51.245
1238,1238,2356.000,48.539
1239,1239,2582.000,50.813
1240,1240,2379.000,48.775
1241,1241,2478.000,49.780
1242,1242,2360.000,48.580
1243,1243,2368.000,48.662
1244,1244,2428.000,49.275
1245,1245,2243.000,47.360
1246,1246,2165.000,46.530
1247,1247,2286.000,47.812
1248,1248,2306.000,48.021
1249,1249,2262.000,47.560
1250,1250,2280.000,47.749
1251,1251,2391.000,48.898
1252,1252,2218.000,47.096
1253,1253,2198.000,46.883
1254,1254,2301.000,47.969
1255,1255,2255.000,47.487
1256,1256,2253.000,47.466
1257,1257,2412.000,49.112
1258,1258,2097.000,45.793
1259,1259,2091.000,45.727
1260,1260,2298.000,47.937
1261,1261,2251.000,47.445
1262,1262,2266.000,47.603
1263,1263,2384.000,48.826
1264,1264,2275.000,47.697
1265,1265,2173.000,46.615
1266,1266,2183.000,46.723
1267,1267,2279.000,47.739
1268,1268,2098.000,45.804
1269,1269,2179.000,46.680
1270,1270,2048.000,45.255
1271,1271,2141.000,46.271
1272,1272,2002.000,44.744
1273,1273,2210.000,47.011
1274,1274,2107.000,45.902
1275,1275,2040.000,45.166
1276,1276,2007.000,44.800
1277,1277,1947.000,44.125
1278,1278,2076.000,45.563
1279,1279,2024.000,44.989
1280,1280,2058.000,45.365
1281,1281,2041.000,45.177
1282,1282,2038.000,45.144
1283,1283,2013.000,44.866
1284,1284,1915.000,43.761
1285,1285,2022.000,44.967
1286,1286,2052.000,45.299
1287,1287,2077.000,45.574
1288,1288,1915.000,43.761
1289,1289,2074.000,45.541
1290,1290,1942.000,44.068
1291,1291,2033.000,45.089
1292,1292,1902.000,43.612
1293,1293,1957.000,44.238
1294,1294,1822.000,42.685
1295,1295,1916.000,43.772
1296,1296,1982.000,44.520
1297,1297,2075.000,45.552
1298,1298,2086.000,45.673
1299,1299,2268.000,47.624
1300,1300,2178.000,46.669
1301,1301,2196.000,46.861
1302,1302,2262.000,47.560
1303,1303,2164.000,46.519
1304,1304,2204.000,46.947
1305,1305,2159.000,46.465
1306,1306,2164.000,46.519
1307,1307,2221.000,47.127
1308,1308,2066.000,45.453
1309,1309,2068.000,45.475
1310,1310,2096.000,45.782
1311,1311,2059.000,45.376
1312,1312,2084.000,45.651
1313,1313,2176.000,46.648
1314,1314,2091.000,45.727
1315,1315,2080.000,45.607
1316,1316,2150.000,46.368
1317,1317,2029.000,45.044
1318,1318,2011.000,44.844
1319,1319,2009.000,44.822
1320,1320,2033.000,45.089
1321,1321,2103.000,45.858
1322,1322,1995.000,44.665
1323,1323,1952.000,44.181
1324,1324,2020.000,44.944
1325,1325,2093.000,45.749
1326,1326,1990.000,44.609
1327,1327,2015.000,44.889
1328,1328,2062.000,45.409
1329,1329,1936.000,44.000
1330,1330,2040.000,45.166
1331,1331,1999.000,44.710
1332,1332,1969.000,44.373
1333,1333,1924.000,43.863
1334,1334,1984.000,44.542
1335,1335,1951.000,44.170
1336,1336,2075.000,45.552
1337,1337,2025.000,45.000
1338,1338,1993.000,44.643
1339,1339,1995.000,44.665
1340,1340,1701.000,41.243
1341,1341,1841.000,42.907
1342,1342,1705.000,41.292
1343,1343,2028.000,45.033
1344,1344,1932.000,43.955
1345,1345,1667.000,40.829
1346,1346,1769.000,42.059
1347,1347,1792.000,42.332
1348,1348,1866.000,43.197
1349,1349,1612.000,40.150
1350,1350,1722.000,41.497
1351,1351,1762.000,41.976
1352,1352,1782.000,42.214
1353,1353,1794.000,42.356
1354,1354,1730.000,41.593
1355,1355,1719.000,41.461
1356,1356,1764.000,42.000
1357,1357,1803.000,42.462
1358,1358,1654.000,40.669
1359,1359,1838.000,42.872
1360,1360,1696.000,41.183
1361,1361,1798.000,42.403
1362,1362,1706.000,41.304
1363,1363,1755.000,41.893
1364,1364,1596.000,39.950
1365,1365,1651.000,40.632
1366,1366,1564.000,39.547
1367,1367,1646.000,40.571
1368,1368,1701.000,41.243
1369,1369,1718.000,41.449
1370,1370,1600.000,40.000
1371,1371,1618.000,40.224
1372,1372,1756.000,41.905
1373,1373,1481.000,38.484
1374,1374,1759.000,41.940
1375,1375,1534.000,39.166
1376,1376,1688.000,41.085
1377,1377,1660.000,40.743
1378,1378,1510.000,38.859
1379,1379,1560.000,39.497
1380,1380,1584.000,39.799
1381,1381,1585.000,39.812
1382,1382,1551.000,39.383
1383,1383,1578.000,39.724
1384,1384,1470.000,38.341
1385,1385,1514.000,38.910
1386,1386,1620.000,40.249
1387,1387,1503.000,38.769
1388,1388,1523.000,39.026
1389,1389,1484.000,38.523
1390,1390,1501.000,38.743
1391,1391,1513.000,38.897
1392,1392,1495.000,38.665
1393,1393,1506.000,38.807
1394,1394,1520.000,38.987
1395,1395,1424.000,37.736
1396,1396,1464.000,38.262
1397,1397,1322.000,36.359
1398,1398,1423.000,37.723
1399,1399,1430.000,37.815
1400,1400,1449.000,38.066
1401,1401,1531.000,39.128
1402,1402,1425.000,37.749
1403,1403,1518.000,38.962
1404,1404,1432.000,37.842
1405,1405,1389.000,37.269
1406,1406,1428.000,37.789
1407,1407,1346.000,36.688
1408,1408,1331.000,36.483
1409,1409,1301.000,36.069
1410,1410,1304.000,36.111
1411,1411,1359.000,36.865
1412,1412,1370.000,37.014
1413,1413,1335.000,36.538
1414,1414,1436.000,37.895
1415,1415,1297.000,36.014
1416,1416,1287.000,35.875
1417,1417,1391.000,37.296
1418,1418,1289.000,35.903
1419,1419,1350.000,36.742
1420,1420,1315.000,36.263
1421,1421,1230.000,35.071
1422,1422,1239.000,35.199
1423,1423,1235.000,35.143
1424,1424,1171.000,34.220
1425,1425,1350.000,36.742
1426,1426,1305.000,36.125
1427,1427,1289.000,35.903
1428,1428,1234.000,35.128
1429,1429,1234.000,35.128
1430,1430,1270.000,35.637
1431,1431,1246.000,35.299
1432,1432,1300.000,36.056
1433,1433,1239.000,35.199
1434,1434,1386.000,37.229
1435,1435,1204.000,34.699
1436,1436,1329.000,36.455
1437,1437,1239.000,35.199
1438,1438,1159.000,34.044
1439,1439,1273.000,35.679
1440,1440,1216.000,34.871
1441,1441,1239.000,35.199
1442,1442,1223.000,34.971
1443,1443,1246.000,35.299
1444,1444,1190.000,34.496
1445,1445,1176.000,34.293
1446,1446,1175.000,34.278
1447,1447,1216.000,34.871
1448,1448,1256.000,35.440
1449,1449,1151.000,33.926
1450,1450,1062.000,32.588
1451,1451,1077.000,32.818
1452,1452,1101.000,33.181
1453,1453,1179.000,34.337
1454,1454,1144.000,33.823
1455,1455,1150.000,33.912
1456,1456,1128.000,33.586
1457,1457,1226.000,35.014
1458,1458,1114.000,33.377
1459,1459,1090.000,33.015
1460,1460,1007.000,31.733
1461,1461,1031.000,32.109
1462,1462,1074.000,32.772
1463,1463,1013.000,31.828
1464,1464,964.000,31.048
1465,1465,1112.000,33.347
1466,1466,1062.000,32.588
1467,1467,1007.000,31.733
1468,1468,985.000,31.385
1469,1469,967.000,31.097
1470,1470,1074.000,32.772
1471,1471,968.000,31.113
1472,1472,992.000,31.496
1473,1473,1110.000,33.317
1474,1474,970.000,31.145
1475,1475,973.000,31.193
1476,1476,961.000,31.000
1477,1477,998.000,31.591
1478,1478,932.000,30.529
1479,1479,1014.000,31.843
1480,1480,1016.000,31.875
1481,1481,1089.000,33.000
1482,1482,1057.000,32.512
1483,1483,905.000,30.083
1484,1484,990.000,31.464
1485,1485,1030.000,32.094
1486,1486,999.000,31.607
1487,1487,1002.000,31.654
1488,1488,1026.000,32.031
1489,1489,1008.000,31.749
1490,1490,979.000,31.289
1491,1491,1030.000,32.094
1492,1492,964.000,31.048
1493,1493,871.000,29.513
1494,1494,893.000,29.883
1495,1495,920.000,30.332
1496,1496,933.000,30.545
1497,1497,956.000,30.919
1498,1498,884.000,29.732
1499,1499,878.000,29.631
1500,1500,910.000,30.166
1501,1501,914.000,30.232
1502,1502,876.000,29.597
1503,1503,941.000,30.676
1504,1504,835.000,28.896
1505,1505,994.000,31.528
1506,1506,914.000,30.232
1507,1507,883.000,29.715
1508,1508,816.000,28.566
1509,1509,866.000,29.428
1510,1510,759.000,27.550
1511,1511,901.000,30.017
1512,1512,773.000,27.803
1513,1513,932.000,30.529
1514,1514,819.000,28.618
1515,1515,819.000,28.618
1516,1516,856.000,29.257
1517,1517,838.000,28.948
1518,1518,840.000,28.983
1519,1519,821.000,28.653
1520,1520,887.000,29.783
1521,1521,747.000,27.331
1522,1522,803.000,28.337
1523,1523,808.000,28.425
1524,1524,823.000,28.688
1525,1525,830.000,28.810
1526,1526,831.000,28.827
1527,1527,857.000,29.275
1528,1528,843.000,29.034
1529,1529,770.000,27.749
1530,1530,737.000,27.148
1531,1531,766.000,27.677
1532,1532,798.000,28.249
1533,1533,790.000,28.107
1534,1534,821.000,28.653
1535,1535,689.000,26.249
1536,1536,729.000,27.000
1537,1537,778.000,27.893
1538,1538,795.000,28.196
1539,1539,827.000,28.758
1540,1540,809.000,28.443
1541,1541,727.000,26.963
1542,1542,825.000,28.723
1543,1543,753.000,27.441
1544,1544,687.000,26.211
1545,1545,829.000,28.792
1546,1546,742.000,27.240
1547,1547,742.000,27.240
1548,1548,691.000,26.287
1549,1549,785.000,28.018
1550,1550,743.000,27.258
1551,1551,672.000,25.923
1552,1552,734.000,27.092
1553,1553,660.000,25.690
1554,1554,760.000,27.568
1555,1555,687.000,26.211
1556,1556,708.000,26.608
1557,1557,666.000,25.807
1558,1558,618.000,24.860
1559,1559,793.000,28.160
1560,1560,779.000,27.911
1561,1561,718.000,26.796
1562,1562,731.000,27.037
1563,1563,696.000,26.382
1564,1564,707.000,26.589
1565,1565,670.000,25.884
1566,1566,683.000,26.134
1567,1567,638.000,25.259
1568,1568,712.000,26.683
1569,1569,666.000,25.807
1570,1570,693.000,26.325
1571,1571,684.000,26.153
1572,1572,717.000,26.777
1573,1573,683.000,26.134
1574,1574,647.000,25.436
1575,1575,686.000,26.192
1576,1576,620.000,24.900
1577,1577,727.000,26.963
1578,1578,717.000,26.777
1579,1579,602.000,24.536
1580,1580,625.000,25.000
1581,1581,577.000,24.021
1582,1582,667.000,25.826
1583,1583,691.000,26.287
1584,1584,634.000,25.179
1585,1585,660.000,25.690
1586,1586,628.000,25.060
1587,1587,663.000,25.749
1588,1588,648.000,25.456
1589,1589,652.000,25.534
1590,1590,604.000,24.576
1591,1591,676.000,26.000
1592,1592,675.000,25.981
1593,1593,565.000,23.770
1594,1594,578.000,24.042
1595,1595,576.000,24.000
1596,1596,562.000,23.707
1597,1597,654.000,25.573
1598,1598,602.000,24.536
1599,1599,595.000,24.393
1600,1600,581.000,24.104
1601,1601,534.000,23.108
1602,1602,555.000,23.558
1603,1603,637.000,25.239
1604,1604,594.000,24.372
1605,1605,608.000,24.658
1606,1606,668.000,25.846
1607,1607,620.000,24.900
1608,1608,584.000,24.166
1609,1609,605.000,24.597
1610,1610,593.000,24.352
1611,1611,588.000,24.249
1612,1612,547.000,23.388
1613,1613,562.000,23.707
1614,1614,650.000,25.495
1615,1615,630.000,25.100
1616,1616,577.000,24.021
1617,1617,521.000,22.825
1618,1618,567.000,23.812
1619,1619,499.000,22.338
1620,1620,504.000,22.450
1621,1621,484.000,22.000
1622,1622,499.000,22.338
1623,1623,499.000,22.338
1624,1624,465.000,21.564
1625,1625,498.000,22.316
1626,1626,559.000,23.643
1627,1627,510.000,22.583
1628,1628,473.000,21.749
1629,1629,619.000,24.880
1630,1630,504.000,22.450
1631,1631,533.000,23.087
1632,1632,475.000,21.794
1633,1633,504.000,22.450
1634,1634,430.000,20.736
1635,1635,496.000,22.271
1636,1636,497.000,22.293
1637,1637,484.000,22.000
1638,1638,464.000,21.541
1639,1639,512.000,22.627
1640,1640,486.000,22.045
1641,1641,456.000,21.354
1642,1642,507.000,22.517
1643,1643,471.000,21.703
1644,1644,502.000,22.405
1645,1645,459.000,21.424
1646,1646,511.000,22.605
1647,1647,470.000,21.679
1648,1648,472.000,21.726
1649,1649,454.000,21.307
1650,1650,503.000,22.428
1651,1651,524.000,22.891
1652,1652,468.000,21.633
1653,1653,456.000,21.354
1654,1654,439.000,20.952
1655,1655,374.000,19.339
1656,1656,533.000,23.087
1657,1657,474.000,21.772
1658,1658,450.000,21.213
1659,1659,442.000,21.024
1660,1660,484.000,22.000
1661,1661,416.000,20.396
1662,1662,449.000,21.190
1663,1663,407.000,20.174
1664,1664,420.000,20.494
1665,1665,532.000,23.065
1666,1666,395.000,19.875
1667,1667,490.000,22.136
1668,1668,417.000,20.421
1669,1669,414.000,20.347
1670,1670,447.000,21.142
1671,1671,495.000,22.249
1672,1672,443.000,21.048
1673,1673,425.000,20.616
1674,1674,469.000,21.656
1675,1675,442.000,21.024
1676,1676,456.000,21.354
1677,1677,498.000,22.316
1678,1678,407.000,20.174
1679,1679,446.000,21.119
1680,1680,470.000,21.679
1681,1681,439.000,20.952
1682,1682,388.000,19.698
1683,1683,450.000,21.213
1684,1684,440.000,20.976
1685,1685,408.000,20.199
1686,1686,420.000,20.494
1687,1687,442.000,21.024
1688,1688,453.000,21.284
1689,1689,386.000,19.647
1690,1690,419.000,20.469
1691,1691,392.000,19.799
1692,1692,353.000,18.788
1693,1693,379.000,19.468
1694,1694,362.000,19.026
1695,1695,393.000,19.824
1696,1696,406.000,20.149
1697,1697,340.000,18.439
1698,1698,361.000,19.000
1699,1699,413.000,20.322
1700,1700,374.000,19.339
1701,1701,407.000,20.174
1702,1702,389.000,19.723
1703,1703,419.000,20.469
1704,1704,400.000,20.000
1705,1705,312.000,17.664
1706,1706,346.000,18.601
1707,1707,396.000,19.900
1708,1708,427.000,20.664
1709,1709,419.000,20.469
1710,1710,386.000,19.647
1711,1711,442.000,21.024
1712,1712,388.000,19.698
1713,1713,323.000,17.972
1714,1714,391.000,19.774
1715,1715,413.000,20.322
1716,1716,363.000,19.053
1717,1717,375.000,19.365
1718,1718,368.000,19.183
1719,1719,345.000,18.574
1720,1720,372.000,19.287
1721,1721,382.000,19.545
1722,1722,375.000,19.365
1723,1723,351.000,18.735
1724,1724,330.000,18.166
1725,1725,351.000,18.735
1726,1726,341.000,18.466
1727,1727,320.000,17.889
1728,1728,396.000,19.900
1729,1729,316.000,17.776
1730,1730,292.000,17.088
1731,1731,338.000,18.385
1732,1732,274.000,16.553
1733,1733,342.000,18.493
1734,1734,292.000,17.088
1735,1735,341.000,18.466
1736,1736,337.000,18.358
1737,1737,395.000,19.875
1738,1738,313.000,17.692
1739,1739,342.000,18.493
1740,1740,370.000,19.235
1741,1741,375.000,19.365
1742,1742,324.000,18.000
1743,1743,403.000,20.075
1744,1744,320.000,17.889
1745,1745,307.000,17.521
1746,1746,322.000,17.944
1747,1747,362.000,19.026
1748,1748,342.000,18.493
1749,1749,337.000,18.358
1750,1750,346.000,18.601
1751,1751,387.000,19.672
1752,1752,293.000,17.117
1753,1753,293.000,17.117
1754,1754,303.000,17.407
1755,1755,281.000,16.763
1756,1756,256.000,16.000
1757,1757,302.000,17.378
1758,1758,312.000,17.664
1759,1759,274.000,16.553
1760,1760,298.000,17.263
1761,1761,259.000,16.093
1762,1762,276.000,16.613
1763,1763,317.000,17.804
1764,1764,280.000,16.733
1765,1765,279.000,16.703
1766,1766,315.000,17.748
1767,1767,271.000,16.462
1768,1768,294.000,17.146
1769,1769,292.000,17.088
1770,1770,323.000,17.972
1771,1771,361.000,19.000
1772,1772,246.000,15.684
1773,1773,336.000,18.330
1774,1774,286.000,16.912
1775,1775,305.000,17.464
1776,1776,278.000,16.673
1777,1777,283.000,16.823
1778,1778,304.000,17.436
1779,1779,292.000,17.088
1780,1780,308.000,17.550
1781,1781,310.000,17.607
1782,1782,307.000,17.521
1783,1783,240.000,15.492
1784,1784,268.000,16.371
1785,1785,274.000,16.553
1786,1786,310.000,17.607
1787,1787,303.000,17.407
1788,1788,286.000,16.912
1789,1789,249.000,15.780
1790,1790,293.000,17.117
1791,1791,272.000,16.492
1792,1792,279.000,16.703
1793,1793,337.000,18.358
1794,1794,285.000,16.882
1795,1795,241.000,15.524
1796,1796,296.000,17.205
1797,1797,237.000,15.395
1798,1798,267.000,16.340
1799,1799,224.000,14.967
1800,1800,285.000,16.882
1801,1801,240.000,15.492
1802,1802,227.000,15.067
1803,1803,319.000,17.861
1804,1804,279.000,16.703
1805,1805,224.000,14.967
1806,1806,233.000,15.264
1807,1807,276.000,16.613
1808,1808,275.000,16.583
1809,1809,293.000,17.117
1810,1810,291.000,17.059
1811,1811,292.000,17.088
1812,1812,257.000,16.031
1813,1813,268.000,16.371
1814,1814,243.000,15.588
1815,1815,236.000,15.362
1816,1816,270.000,16.432
1817,1817,235.000,15.330
1818,1818,239.000,15.460
1819,1819,233.000,15.264
1820,1820,242.000,15.556
1821,1821,228.000,15.100
1822,1822,229.000,15.133
1823,1823,214.000,14.629
1824,1824,184.000,13.565
1825,1825,252.000,15.875
1826,1826,256.000,16.000
1827,1827,217.000,14.731
1828,1828,226.000,15.033
1829,1829,241.000,15.524
1830,1830,261.000,16.155
1831,1831,221.000,14.866
1832,1832,193.000,13.892
1833,1833,244.000,15.620
1834,1834,203.000,14.248
1835,1835,230.000,15.166
1836,1836,197.000,14.036
1837,1837,244.000,15.620
1838,1838,243.000,15.588
1839,1839,248.000,15.748
1840,1840,264.000,16.248
1841,1841,248.000,15.748
1842,1842,179.000,13.379
1843,1843,183.000,13.528
1844,1844,209.000,14.457
1845,1845,197.000,14.036
1846,1846,220.000,14.832
1847,1847,263.000,16.217
1848,1848,215.000,14.663
1849,1849,230.000,15.166
1850,1850,282.000,16.793
1851,1851,242.000,15.556
1852,1852,204.000,14.283
1853,1853,184.000,13.565
1854,1854,233.000,15.264
1855,1855,210.000,14.491
1856,1856,237.000,15.395
1857,1857,177.000,13.304
1858,1858,231.000,15.199
1859,1859,193.000,13.892
1860,1860,215.000,14.663
1861,1861,229.000,15.133
1862,1862,225.000,15.000
1863,1863,191.000,13.820
1864,1864,203.000,14.248
1865,1865,213.000,14.595
1866,1866,218.000,14.765
1867,1867,221.000,14.866
1868,1868,222.000,14.900
1869,1869,246.000,15.684
1870,1870,200.000,14.142
1871,1871,205.000,14.318
1872,1872,171.000,13.077
1873,1873,221.000,14.866
1874,1874,203.000,14.248
1875,1875,205.000,14.318
1876,1876,179.000,13.379
1877,1877,182.000,13.491
1878,1878,216.000,14.697
1879,1879,176.000,13.266
1880,1880,185.000,13.601
1881,1881,222.000,14.900
1882,1882,153.000,12.369
1883,1883,228.000,15.100
1884,1884,216.000,14.697
1885,1885,192.000,13.856
1886,1886,212.000,14.560
1887,1887,187.000,13.675
1888,1888,173.000,13.153
1889,1889,194.000,13.928
1890,1890,175.000,13.229
1891,1891,202.000,14.213
1892,1892,175.000,13.229
1893,1893,216.000,14.697
1894,1894,150.000,12.247
1895,1895,154.000,12.410
1896,1896,174.000,13.191
1897,1897,175.000,13.229
1898,1898,160.000,12.649
1899,1899,202.000,14.213
1900,1900,141.000,11.874
1901,1901,162.000,12.728
1902,1902,195.000,13.964
1903,1903,166.000,12.884
1904,1904,178.000,13.342
1905,1905,194.000,13.928
1906,1906,162.000,12.728
1907,1907,146.000,12.083
1908,1908,164.000,12.806
1909,1909,189.000,13.748
1910,1910,174.000,13.191
1911,1911,179.000,13.379
1912,1912,208.000,14.422
1913,1913,180.000,13.416
1914,1914,183.000,13.528
1915,1915,166.000,12.884
1916,1916,160.000,12.649
1917,1917,142.000,11.916
1918,1918,161.000,12.689
1919,1919,153.000,12.369
1920,1920,173.000,13.153
1921,1921,171.000,13.077
1922,1922,187.000,13.675
1923,1923,132.000,11.489
1924,1924,189.000,13.748
1925,1925,163.000,12.767
1926,1926,199.000,14.107
1927,1927,140.000,11.832
1928,1928,147.000,12.124
1929,1929,186.000,13.638
1930,1930,162.000,12.728
1931,1931,165.000,12.845
1932,1932,159.000,12.610
1933,1933,151.000,12.288
1934,1934,156.000,12.490
1935,1935,121.000,11.000
1936,1936,178.000,13.342
1937,1937,151.000,12.288
1938,1938,159.000,12.610
1939,1939,162.000,12.728
1940,1940,125.000,11.180
1941,1941,119.000,10.909
1942,1942,118.000,10.863
1943,1943,166.000,12.884
1944,1944,141.000,11.874
1945,1945,157.000,12.530
1946,1946,132.000,11.489
1947,1947,167.000,12.923
1948,1948,130.000,11.402
1949,1949,130.000,11.402
1950,1950,160.000,12.649
1951,1951,154.000,12.410
1952,1952,155.000,12.450
1953,1953,139.000,11.790
1954,1954,145.000,12.042
1955,1955,144.000,12.000
1956,1956,157.000,12.530
1957,1957,131.000,11.446
1958,1958,158.000,12.570
1959,1959,126.000,11.225
1960,1960,162.000,12.728
1961,1961,140.000,11.832
1962,1962,147.000,12.124
1963,1963,164.000,12.806
1964,1964,111.000,10.536
1965,1965,185.000,13.601
1966,1966,152.000,12.329
1967,1967,129.000,11.358
1968,1968,138.000,11.747
1969,1969,155.000,12.450
1970,1970,146.000,12.083
1971,1971,127.000,11.269
1972,1972,108.000,10.392
1973,1973,169.000,13.000
1974,1974,115.000,10.724
1975,1975,131.000,11.446
1976,1976,143.000,11.958
1977,1977,162.000,12.728
1978,1978,141.000,11.874
1979,1979,145.000,12.042
1980,1980,137.000,11.705
1981,1981,156.000,12.490
1982,1982,103.000,10.149
1983,1983,138.000,11.747
1984,1984,148.000,12.166
1985,1985,135.000,11.619
1986,1986,105.000,10.247
1987,1987,132.000,11.489
1988,1988,151.000,12.288
1989,1989,125.000,11.180
1990,1990,97.000,9.849
1991,1991,122.000,11.045
1992,1992,138.000,11.747
1993,1993,107.000,10.344
1994,1994,124.000,11.136
1995,1995,119.000,10.909
1996,1996,161.000,12.689
1997,1997,115.000,10.724
1998,1998,130.000,11.402
1999,1999,82.000,9.055
2000,2000,101.000,10.050
2001,2001,96.000,9.798
2002,2002,140.000,11.832
2003,2003,129.000,11.358
2004,2004,141.000,11.874
2005,2005,139.000,11.790
2006,2006,105.000,10.247
2007,2007,137.000,11.705
2008,2008,90.000,9.487
2009,2009,117.000,10.817
2010,2010,145.000,12.042
2011,2011,138.000,11.747
2012,2012,105.000,10.247
2013,2013,76.000,8.718
2014,2014,121.000,11.000
2015,2015,144.000,12.000
2016,2016,99.000,9.950
2017,2017,102.000,10.100
2018,2018,125.000,11.180
2019,2019,103.000,10.149
2020,2020,104.000,10.198
2021,2021,107.000,10.344
2022,2022,103.000,10.149
2023,2023,134.000,11.576
2024,2024,140.000,11.832
2025,2025,112.000,10.583
2026,2026,131.000,11.446
2027,2027,112.000,10.583
2028,2028,84.000,9.165
2029,2029,105.000,10.247
2030,2030,115.000,10.724
2031,2031,120.000,10.954
2032,2032,124.000,11.136
2033,2033,118.000,10.863
2034,2034,85.000,9.220
2035,2035,85.000,9.220
2036,2036,105.000,10.247
2037,2037,80.000,8.944
2038,2038,132.000,11.489
2039,2039,75.000,8.660
2040,2040,135.000,11.619
2041,2041,84.000,9.165
2042,2042,96.000,9.798
2043,2043,118.000,10.863
2044,2044,112.000,10.583
2045,2045,94.000,9.695
2046,2046,85.000,9.220
2047,2047,91.000,9.539
2048,2048,113.000,10.630
2049,2049,85.000,9.220
2050,2050,113.000,10.630
2051,2051,93.000,9.644
2052,2052,91.000,9.539
2053,2053,104.000,10.198
2054,2054,91.000,9.539
2055,2055,98.000,9.899
2056,2056,97.000,9.849
2057,2057,127.000,11.269
2058,2058,103.000,10.149
2059,2059,86.000,9.274
2060,2060,109.000,10.440
2061,2061,84.000,9.165
2062,2062,97.000,9.849
2063,2063,107.000,10.344
2064,2064,77.000,8.775
2065,2065,105.000,10.247
2066,2066,93.000,9.644
2067,2067,96.000,9.798
2068,2068,118.000,10.863
2069,2069,103.000,10.149
2070,2070,92.000,9.592
2071,2071,98.000,9.899
2072,2072,94.000,9.695
2073,2073,97.000,9.849
2074,2074,93.000,9.644
2075,2075,111.000,10.536
2076,2076,84.000,9.165
2077,2077,79.000,8.888
2078,2078,85.000,9.220
2079,2079,91.000,9.539
2080,2080,73.000,8.544
2081,2081,94.000,9.695
2082,2082,100.000,10.000
2083,2083,83.000,9.110
2084,2084,110.000,10.488
2085,2085,77.000,8.775
2086,2086,79.000,8.888
2087,2087,77.000,8.775
2088,2088,61.000,7.810
2089,2089,87.000,9.327
2090,2090,70.000,8.367
2091,2091,97.000,9.849
2092,2092,97.000,9.849
2093,2093,83.000,9.110
2094,2094,76.000,8.718
2095,2095,149.000,12.207
2096,2096,67.000,8.185
2097,2097,76.000,8.718
2098,2098,90.000,9.487
2099,2099,99.000,9.950
2100,2100,73.000,8.544
2101,2101,89.000,9.434
2102,2102,84.000,9.165
2103,2103,66.000,8.124
2104,2104,92.000,9.592
2105,2105,91.000,9.539
2106,2106,78.000,8.832
2107,2107,85.000,9.220
2108,2108,96.000,9.798
2109,2109,70.000,8.367
2110,2110,75.000,8.660
2111,2111,60.000,7.746
2112,2112,82.000,9.055
2113,2113,106.000,10.296
2114,2114,70.000,8.367
2115,2115,100.000,10.000
2116,2116,70.000,8.367
2117,2117,84.000,9.165
2118,2118,85.000,9.220
2119,2119,92.000,9.592
2120,2120,95.000,9.747
2121,2121,66.000,8.124
2122,2122,78.000,8.832
2123,2123,60.000,7.746
2124,2124,64.000,8.000
2125,2125,62.000,7.874
2126,2126,101.000,10.050
2127,2127,82.000,9.055
2128,2128,62.000,7.874
2129,2129,100.000,10.000
2130,2130,92.000,9.592
2131,2131,75.000,8.660
2132,2132,90.000,9.487
2133,2133,83.000,9.110
2134,2134,73.000,8.544
2135,2135,74.000,8.602
2136,2136,78.000,8.832
2137,2137,76.000,8.718
2138,2138,92.000,9.592
2139,2139,89.000,9.434
2140,2140,79.000,8.888
2141,2141,69.000,8.307
2142,2142,49.000,7.000
2143,2143,52.000,7.211
2144,2144,103.000,10.149
2145,2145,72.000,8.485
2146,2146,62.000,7.874
2147,2147,75.000,8.660
2148,2148,84.000,9.165
2149,2149,91.000,9.539
2150,2150,74.000,8.602
2151,2151,91.000,9.539
2152,2152,75.000,8.660
2153,2153,74.000,8.602
2154,2154,68.000,8.246
2155,2155,59.000,7.681
2156,2156,50.000,7.071
2157,2157,51.000,7.141
2158,2158,64.000,8.000
2159,2159,54.000,7.348
2160,2160,65.000,8.062
2161,2161,82.000,9.055
2162,2162,51.000,7.141
2163,2163,43.000,6.557
2164,2164,63.000,7.937
2165,2165,70.000,8.367
2166,2166,54.000,7.348
2167,2167,70.000,8.367
2168,2168,74.000,8.602
2169,2169,46.000,6.782
2170,2170,50.000,7.071
2171,2171,62.000,7.874
2172,2172,90.000,9.487
2173,2173,61.000,7.810
2174,2174,65.000,8.062
2175,2175,81.000,9.000
2176,2176,70.000,8.367
2177,2177,65.000,8.062
2178,2178,71.000,8.426
2179,2179,67.000,8.185
2180,2180,80.000,8.944
2181,2181,48.000,6.928
2182,2182,44.000,6.633
2183,2183,58.000,7.616
2184,2184,71.000,8.426
2185,2185,69.000,8.307
2186,2186,60.000,7.746
2187,2187,59.000,7.681
2188,2188,57.000,7.550
2189,2189,53.000,7.280
2190,2190,77.000,8.775
2191,2191,60.000,7.746
2192,2192,68.000,8.246
2193,2193,64.000,8.000
2194,2194,72.000,8.485
2195,2195,70.000,8.367
2196,2196,72.000,8.485
2197,2197,67.000,8.185
2198,2198,88.000,9.381
2199,2199,54.000,7.348
2200,2200,59.000,7.681
2201,2201,47.000,6.856
2202,2202,74.000,8.602
2203,2203,65.000,8.062
2204,2204,59.000,7.681
2205,2205,45.000,6.708
2206,2206,52.000,7.211
2207,2207,52.000,7.211
2208,2208,49.000,7.000
2209,2209,57.000,7.550
2210,2210,59.000,7.681
2211,2211,68.000,8.246
2212,2212,62.000,7.874
2213,2213,53.000,7.280
2214,2214,62.000,7.874
2215,2215,56.000,7.483
2216,2216,68.000,8.246
2217,2217,61.000,7.810
2218,2218,54.000,7.348
2219,2219,69.000,8.307
2220,2220,63.000,7.937
2221,2221,73.000,8.544
2222,2222,69.000,8.307
2223,2223,53.000,7.280
2224,2224,61.000,7.810
2225,2225,37.000,6.083
2226,2226,71.000,8.426
2227,2227,52.000,7.211
2228,2228,42.000,6.481
2229,2229,53.000,7.280
2230,2230,53.000,7.280
2231,2231,54.000,7.348
2232,2232,56.000,7.483
2233,2233,67.000,8.185
2234,2234,51.000,7.141
2235,2235,59.000,7.681
2236,2236,64.000,8.000
2237,2237,51.000,7.141
2238,2238,69.000,8.307
2239,2239,44.000,6.633
2240,2240,42.000,6.481
2241,2241,55.000,7.416
2242,2242,71.000,8.426
2243,2243,42.000,6.481
2244,2244,37.000,6.083
2245,2245,47.000,6.856
2246,2246,33.000,5.745
2247,2247,42.000,6.481
2248,2248,40.000,6.325
2249,2249,33.000,5.745
2250,2250,54.000,7.348
2251,2251,53.000,7.280
2252,2252,39.000,6.245
2253,2253,48.000,6.928
2254,2254,50.000,7.071
2255,2255,63.000,7.937
2256,2256,64.000,8.000
2257,2257,43.000,6.557
2258,2258,39.000,6.245
2259,2259,42.000,6.481
2260,2260,54.000,7.348
2261,2261,47.000,6.856
2262,2262,38.000,6.164
2263,2263,51.000,7.141
2264,2264,44.000,6.633
2265,2265,39.000,6.245
2266,2266,40.000,6.325
2267,2267,27.000,5.196
2268,2268,56.000,7.483
2269,2269,40.000,6.325
2270,2270,41.000,6.403
2271,2271,40.000,6.325
2272,2272,90.000,9.487
2273,2273,44.000,6.633
2274,2274,50.000,7.071
2275,2275,56.000,7.483
2276,2276,44.000,6.633
2277,2277,43.000,6.557
2278,2278,37.000,6.083
2279,2279,68.000,8.246
2280,2280,55.000,7.416
2281,2281,50.000,7.071
2282,2282,40.000,6.325
2283,2283,39.000,6.245
2284,2284,33.000,5.745
2285,2285,53.000,7.280
2286,2286,47.000,6.856
2287,2287,37.000,6.083
2288,2288,44.000,6.633
2289,2289,37.000,6.083
2290,2290,32.000,5.657
2291,2291,40.000,6.325
2292,2292,32.000,5.657
2293,2293,30.000,5.477
2294,2294,38.000,6.164
2295,2295,33.000,5.745
2296,2296,43.000,6.557
2297,2297,25.000,5.000
2298,2298,29.000,5.385
2299,2299,41.000,6.403
2300,2300,41.000,6.403
2301,2301,52.000,7.211
2302,2302,34.000,5.831
2303,2303,39.000,6.245
2304,2304,42.000,6.481
2305,2305,49.000,7.000
2306,2306,33.000,5.745
2307,2307,61.000,7.810
2308,2308,31.000,5.568
2309,2309,39.000,6.245
2310,2310,44.000,6.633
2311,2311,27.000,5.196
2312,2312,43.000,6.557
2313,2313,31.000,5.568
2314,2314,35.000,5.916
2315,2315,37.000,6.083
2316,2316,42.000,6.481
2317,2317,56.000,7.483
2318,2318,51.000,7.141
2319,2319,31.000,5.568
2320,2320,57.000,7.550
2321,2321,38.000,6.164
2322,2322,30.000,5.477
2323,2323,30.000,5.477
2324,2324,45.000,6.708
2325,2325,24.000,4.899
2326,2326,26.000,5.099
2327,2327,48.000,6.928
2328,2328,32.000,5.657
2329,2329,34.000,5.831
2330,2330,62.000,7.874
2331,2331,43.000,6.557
2332,2332,32.000,5.657
2333,2333,26.000,5.099
2334,2334,29.000,5.385
2335,2335,27.000,5.196
2336,2336,24.000,4.899
2337,2337,28.000,5.292
2338,2338,14.000,3.742
2339,2339,34.000,5.831
2340,2340,43.000,6.557
2341,2341,47.000,6.856
2342,2342,37.000,6.083
2343,2343,55.000,7.416
2344,2344,46.000,6.782
2345,2345,34.000,5.831
2346,2346,34.000,5.831
2347,2347,41.000,6.403
2348,2348,36.000,6.000
2349,2349,24.000,4.899
2350,2350,44.000,6.633
2351,2351,23.000,4.796
2352,2352,50.000,7.071
2353,2353,27.000,5.196
2354,2354,50.000,7.071
2355,2355,29.000,5.385
2356,2356,43.000,6.557
2357,2357,25.000,5.000
2358,2358,32.000,5.657
2359,2359,32.000,5.657
2360,2360,27.000,5.196
2361,2361,36.000,6.000
2362,2362,49.000,7.000
2363,2363,36.000,6.000
2364,2364,32.000,5.657
2365,2365,39.000,6.245
2366,2366,31.000,5.568
2367,2367,28.000,5.292
2368,2368,29.000,5.385
2369,2369,51.000,7.141
2370,2370,34.000,5.831
2371,2371,44.000,6.633
2372,2372,31.000,5.568
2373,2373,35.000,5.916
2374,2374,19.000,4.359
2375,2375,40.000,6.325
2376,2376,12.000,3.464
2377,2377,16.000,4.000
2378,2378,37.000,6.083
2379,2379,27.000,5.196
2380,2380,31.000,5.568
2381,2381,37.000,6.083
2382,2382,36.000,6.000
2383,2383,39.000,6.245
2384,2384,26.000,5.099
2385,2385,33.000,5.745
2386,2386,38.000,6.164
2387,2387,37.000,6.083
2388,2388,30.000,5.477
2389,2389,43.000,6.557
2390,2390,10.000,3.162
2391,2391,26.000,5.099
2392,2392,31.000,5.568
2393,2393,40.000,6.325
2394,2394,15.000,3.873
2395,2395,40.000,6.325
2396,2396,40.000,6.325
2397,2397,26.000,5.099
2398,2398,40.000,6.325
2399,2399,43.000,6.557
2400,2400,29.000,5.385
